100,2.2046950879996835e-54
1000,2.204694336414863e-52
10000,2.2046868205807733e-50
100000,2.2046116636500527e-48
1000000,2.2038602353526723e-46
10000000,2.1963600445062163e-44
100000000,2.1227578043743646e-42
1000000000,1.5136842924487704e-40
2000000000,4.202028967373994e-40
3000000000,6.681073981433428e-40
4000000000,8.601182120701358e-40
5000000000,9.999951233416567e-40
6000000000,1.1004274991357062e-39
7000000000,1.1730914266570118e-39
8000000000,1.2266386139218259e-39
9000000000,1.2670258626659029e-39
10000000000,1.2982549816996802e-39
20000000000,1.4283976273826645e-39
30000000000,1.4746392805877616e-39
40000000000,1.5012501868607635e-39
50000000000,1.518998449378331e-39
60000000000,1.5317584488519232e-39
70000000000,1.5413910024792396e-39
80000000000,1.5489245482980423e-39
90000000000,1.554978811494054e-39
100000000000,1.559950757216335e-39
200000000000,1.583852796312335e-39
400000000000,1.5968241921077233e-39
600000000000,1.601311218318192e-39
800000000000,1.6035863683028203e-39
1000000000000,1.604961714780992e-39
2000000000000,1.6077357174924633e-39
4000000000000,1.609134473561235e-39
6000000000000,1.6096024793593485e-39
8000000000000,1.6098368121328152e-39
10000000000000,1.6099775174900636e-39
100000000000000,1.6104847139983345e-39
1000000000000000,1.610535490283426e-39
